CyEaSmu1sAKFqTPvKqVf4ssXV2Mb5i4aKfwCJ45Rdw79,2,2
4voKKCVLJyjsq9hXFcAcdVgzCz3zzPX8axQMAF5ra5mP,20,20
2Hg5CXtVAQLfRiW5BMk6HwcRPQgkXavBTRuceptsFPKv,2,2
GUK8Cb5d7jupiBjUReLxZZsPp8h415oaTUX26M4tzEAm,No token account,No token account
4HBds4dpGcsdsWtyYwPvFpCYGcvCyGc929ZWHsRvkmoB,4,4
Hrdpnpu4HAg8vesFXLHD3aAkW2tBeegBFHjsidTJq2op,18,18
CrhsvbK6fyH4M1TYd3SmPf3Tmt7WSLFti6h5kX9fJJjr,10,10
3cxntiYaA4iZt8zx9BEvd9oUjwZ22jN4HspwLd6dSL1Y,8,8
DxwpmixsNp1jCXtc1vYLuss7qUX2WRpyYsiN1VZiqERg,2,2
HXpUGrtKGUHHU8sinMneZhCY987PuqD2a2YdsqfmdPjC,No token account,No token account
